B19013_001E,geoid
46650.0,17051
57308.0,17107
44090.0,17165
89427.0,17097
47481.0,17127
52373.0,17017
53632.0,18069
54576.0,18181
47658.0,18075
60404.0,18145
50245.0,18153
53130.0,18157
98173.0,18057
63431.0,18005
52034.0,18049
56789.0,18113
55630.0,18019
81933.0,18063
44356.0,18053
51250.0,18071
49543.0,18119
61741.0,18183
54286.0,18023
50375.0,18161
68658.0,18029
53610.0,18093
52348.0,18123
64196.0,18129
54806.0,18015
52874.0,18045
51190.0,18149
51613.0,18055
67729.0,19011
63031.0,19061
52448.0,19151
48591.0,19177
49255.0,19003
52055.0,19009
63404.0,19051
58427.0,19093
58269.0,19135
69844.0,19167
52323.0,19025
53963.0,19033
54196.0,19083
55205.0,19117
52932.0,19147
53501.0,19087
58952.0,19099
53852.0,19157
53152.0,19043
70395.0,19017
51563.0,19063
61761.0,19081
55967.0,19097
49564.0,19111
77048.0,19181
54825.0,19123
50521.0,19041
63750.0,19055
37519.0,13005
38857.0,13025
32229.0,13017
44151.0,13033
56235.0,13047
47096.0,13053
36807.0,13055
82339.0,13073
41481.0,13087
48336.0,13115
107218.0,13117
50563.0,13137
43204.0,13147
42441.0,13185
49504.0,13191
37121.0,13199
54754.0,13207
51606.0,13237
36681.0,13261
37446.0,13265
37203.0,13301
44768.0,19185
61183.0,19163
54754.0,20181
60124.0,20193
55658.0,20127
49415.0,20163
53348.0,20025
49865.0,20077
46338.0,20111
49917.0,20145
54821.0,20033
48317.0,20063
57982.0,20079
52599.0,20093
59089.0,20113
31893.0,05041
35405.0,05049
36059.0,05061
44777.0,05051
39962.0,05093
43462.0,05115
42660.0,05117
44663.0,05139
32845.0,05147
44483.0,05023
46684.0,05025
34109.0,05067
42860.0,05057
34671.0,05135
38188.0,05137
50451.0,05143
42260.0,05005
44744.0,05003
47286.0,05031
47056.0,05055
48667.0,05105
40921.0,05111
47704.0,05133
46417.0,05013
41620.0,05019
39993.0,05075
38468.0,05095
42802.0,05029
38082.0,05101
46696.0,05001
59094.0,05085
46110.0,05015
35348.0,05123
51749.0,05119
53672.0,06047
48820.0,06043
45507.0,06049
99716.0,06013
57316.0,06027
60704.0,06099
74624.0,06083
44514.0,06103
62260.0,06051
86958.0,06069
72624.0,13029
43471.0,13035
56951.0,13039
46283.0,13079
30640.0,13099
40859.0,13069
75913.0,13077
52625.0,13123
61599.0,13297
37838.0,13317
39302.0,13091
45865.0,13129
82740.0,13057
90145.0,13113
69280.0,13177
67631.0,13227
52129.0,13133
41854.0,13075
66281.0,13085
69673.0,13121
62409.0,15001
85857.0,15003
83554.0,15007
69375.0,15005
52935.0,16031
50053.0,16063
64475.0,16085
57215.0,16041
58107.0,16069
57242.0,16055
53370.0,16067
52919.0,16083
56694.0,16013
59646.0,16015
42132.0,16023
47204.0,16047
66293.0,16001
54167.0,16007
55472.0,16011
39688.0,16025
43915.0,16035
63048.0,16051
52426.0,41039
57962.0,51181
80026.0,51043
43207.0,51117
62711.0,51015
93994.0,51075
57895.0,51113
68948.0,51161
44434.0,51025
47227.0,51131
54600.0,51163
29000.0,51720
54550.0,51570
48531.0,51021
71110.0,51023
37500.0,51520
57463.0,51830
44835.0,51035
67151.0,06067
83377.0,06017
71015.0,06053
112449.0,06075
78980.0,06073
49687.0,06107
48041.0,06023
63750.0,06003
57585.0,06039
82234.0,06087
40846.0,06105
67005.0,06065
63362.0,06071
115246.0,06041
89691.0,06061
54667.0,06089
81472.0,06095
59401.0,06011
42151.0,28029
44625.0,28049
45754.0,28145
39246.0,28139
39840.0,28035
50272.0,28071
50441.0,28087
27313.0,28157
32116.0,28065
34943.0,28123
33279.0,28163
29854.0,28011
31784.0,28113
45483.0,28131
31103.0,28069
30838.0,28133
29936.0,28001
67038.0,28033
74477.0,42045
49089.0,42111
43636.0,29123
43276.0,29217
44232.0,29147
46738.0,29041
34316.0,29223
44139.0,29201
44125.0,29011
39365.0,29039
54885.0,29073
42746.0,29121
33601.0,29149
60129.0,29186
37425.0,29067
45795.0,29083
44742.0,29109
53492.0,29169
35067.0,29215
56938.0,29027
52735.0,29053
47790.0,29075
48495.0,51191
51792.0,51139
100939.0,51510
56287.0,51650
120071.0,51013
31956.0,51027
111108.0,51179
47250.0,51760
51954.0,51057
42099.0,51185
88046.0,51685
49487.0,51183
81493.0,51683
57165.0,51775
40573.0,51037
50300.0,51081
72003.0,53067
53423.0,53013
17379.0,72059
17319.0,72121
19030.0,72067
15399.0,72141
20442.0,72054
15037.0,72099
18189.0,72123
35357.0,29133
31947.0,29153
44158.0,29017
67204.0,47165
56321.0,47169
32167.0,47027
61456.0,17139
47492.0,17149
38056.0,17151
55179.0,17163
52953.0,17173
52797.0,17019
63009.0,17013
52092.0,17053
79394.0,17089
96563.0,17093
61655.0,17009
47519.0,17121
48417.0,17125
52700.0,17075
48500.0,17025
44076.0,17059
85747.0,17133
50625.0,17181
54489.0,17201
34640.0,17153
52357.0,17169
53647.0,17045
69272.0,17007
57436.0,17011
46202.0,17029
49779.0,17033
63638.0,17155
55587.0,17039
58194.0,17103
55159.0,17117
48894.0,17159
61763.0,17189
82215.0,41067
54886.0,41007
41165.0,42023
89139.0,42017
63897.0,42077
46680.0,42031
54776.0,42059
53473.0,42079
50550.0,42037
47603.0,42065
63718.0,42099
47407.0,42113
73521.0,44003
85531.0,44009
44226.0,45071
40900.0,45027
45661.0,45085
35803.0,45011
38448.0,45031
65361.0,45091
36883.0,45021
45601.0,45053
32371.0,45061
38741.0,45001
53862.0,46085
65437.0,46039
49633.0,06021
52537.0,06007
57848.0,06031
55359.0,06063
73518.0,06079
53969.0,06019
53350.0,06029
90234.0,06059
88131.0,06111
63158.0,06009
59050.0,06101
122641.0,06081
60108.0,06109
64432.0,06077
62772.0,06005
51155.0,08095
52221.0,08007
68592.0,08031
41731.0,08061
38137.0,08055
35878.0,08009
76429.0,08047
49349.0,08063
56577.0,08051
62188.0,08079
66417.0,08091
43150.0,08115
74150.0,08123
53119.0,08027
30965.0,08023
119730.0,08035
50565.0,08065
68685.0,08067
78935.0,08097
39123.0,08105
30900.0,08011
42135.0,08025
54625.0,08111
71881.0,08069
53318.0,08075
67038.0,08113
66592.0,08119
99199.0,08039
41817.0,08071
47258.0,08073
79277.0,08117
37515.0,08003
45269.0,08029
49409.0,08043
50489.0,08085
53682.0,08087
38571.0,08109
41929.0,08099
50094.0,08121
71198.0,08049
38169.0,08089
96416.0,08014
63162.0,10005
86420.0,11001
69905.0,09009
75148.0,09003
51657.0,47157
43305.0,47077
49139.0,47089
49370.0,47153
42637.0,47017
60388.0,47037
41034.0,47135
49167.0,47121
37905.0,47075
57541.0,47125
40516.0,47061
36716.0,47029
45511.0,47041
37277.0,47101
39615.0,47131
61291.0,47167
44185.0,47045
55070.0,47065
43306.0,47139
41998.0,47185
46684.0,47163
57714.0,36095
50482.0,36035
68991.0,36083
50407.0,36033
68666.0,36081
57258.0,36115
86553.0,36061
58377.0,36011
93024.0,36087
55522.0,36063
56763.0,36031
116100.0,36059
52327.0,36097
52002.0,36017
52685.0,36045
101031.0,36103
58052.0,36121
55967.0,36075
59449.0,36117
52226.0,36007
56339.0,08053
58121.0,36029
57426.0,36105
79944.0,36071
51659.0,37087
51569.0,37067
56128.0,18089
55522.0,18107
52504.0,18001
46175.0,18041
55637.0,18021
60666.0,18037
62462.0,18047
74072.0,18059
52373.0,18067
60128.0,18115
52618.0,18121
48036.0,18135
49488.0,18007
61030.0,18013
61047.0,18133
47983.0,18175
53629.0,18027
49832.0,18065
47380.0,18083
49522.0,18095
50194.0,18125
49580.0,18131
58279.0,18151
66910.0,56021
84678.0,56039
41614.0,48407
52162.0,48459
59642.0,48473
76692.0,48493
48248.0,48219
79421.0,48329
53411.0,48299
54648.0,48147
49181.0,48041
63054.0,48165
47952.0,48179
52045.0,48237
52148.0,48035
57157.0,48029
40739.0,48023
86913.0,48121
73330.0,48167
68750.0,48393
41679.0,48463
50164.0,48037
44688.0,48263
60632.0,48425
60339.0,48199
43045.0,48289
40101.0,48351
53311.0,48389
75887.0,48453
39120.0,48087
52742.0,48143
43859.0,48345
46743.0,48083
62599.0,48325
47355.0,48213
45117.0,48277
43328.0,48267
54971.0,48477
46232.0,48429
76158.0,48003
53577.0,48177
43382.0,48305
33952.0,48505
64041.0,48221
52083.0,48269
48186.0,48073
51038.0,48119
50344.0,48253
66550.0,09015
73490.0,09011
85898.0,09007
87069.0,09013
95645.0,09001
37022.0,12133
55807.0,12031
45921.0,12007
56775.0,12009
65740.0,12019
50165.0,12067
54513.0,12069
69943.0,12089
54090.0,12103
50584.0,12105
52322.0,12111
40977.0,12043
40820.0,12051
54740.0,12061
39872.0,12063
82252.0,12109
66768.0,12117
54316.0,12005
54514.0,12035
47712.0,12045
38015.0,12077
52279.0,12097
58093.0,12131
41401.0,12039
47240.0,12065
45371.0,12083
38682.0,12049
41760.0,12093
58254.0,12095
43640.0,12041
47839.0,12121
49689.0,12001
38568.0,12013
51499.0,12015
39828.0,12029
61133.0,12085
62236.0,12115
59009.0,12081
44237.0,12017
63275.0,12003
67949.0,12113
53106.0,12073
59547.0,12011
70033.0,12087
48812.0,12053
58884.0,12057
40306.0,12123
61410.0,12129
43468.0,13189
66178.0,13211
51358.0,13149
39584.0,13095
47997.0,13111
61723.0,13153
39120.0,13175
47111.0,13255
32405.0,13271
60553.0,18171
50243.0,18165
59237.0,18179
54857.0,18003
57949.0,18031
43512.0,18035
64468.0,18043
52718.0,18077
54191.0,18079
72440.0,18081
50657.0,18103
64335.0,18109
55462.0,18051
55356.0,18111
47917.0,18117
52769.0,18141
61366.0,18085
52658.0,18099
49383.0,18155
49708.0,18163
43505.0,18009
48700.0,18143
49839.0,18105
57021.0,18039
41662.0,18025
49415.0,18017
48316.0,18097
46516.0,18177
57115.0,19023
56750.0,19071
60910.0,19079
50431.0,19173
49900.0,19175
57130.0,19195
55271.0,19159
53363.0,19001
60034.0,19037
54427.0,19039
59969.0,19059
62542.0,19103
52881.0,19107
56037.0,19171
46246.0,19179
56419.0,19069
59212.0,19027
67795.0,19031
50406.0,19067
53050.0,19073
56673.0,19115
64982.0,19119
50021.0,13291
36173.0,37017
57194.0,37031
35527.0,37015
40090.0,37117
47162.0,37143
43579.0,37157
64572.0,37029
52835.0,37071
59963.0,37125
52623.0,37167
42222.0,37199
67031.0,37037
59865.0,37101
51020.0,37145
40962.0,37009
39402.0,37107
50278.0,37133
42608.0,37161
44682.0,37197
44557.0,37023
64453.0,38097
65492.0,38021
68871.0,38101
64549.0,38067
60164.0,38041
64482.0,38017
55902.0,38029
61371.0,38077
56681.0,38001
54868.0,38027
82181.0,38057
63903.0,38073
38939.0,38085
58690.0,38033
52300.0,38095
62865.0,38023
63073.0,38081
44899.0,39105
60112.0,39021
68720.0,39057
45118.0,39087
42341.0,39115
55767.0,39175
54226.0,39043
56754.0,39091
57181.0,39153
39324.0,16059
50579.0,16075
47556.0,16009
50256.0,16017
46154.0,16033
40875.0,16037
46855.0,16039
58065.0,16043
39160.0,16065
39386.0,16079
41516.0,16049
74216.0,16081
48823.0,16077
40992.0,16087
52561.0,17067
60738.0,17119
77350.0,17063
58902.0,17091
59787.0,17131
92809.0,17043
36806.0,17003
74684.0,17129
58142.0,17099
64660.0,17031
50480.0,17115
48805.0,17177
50251.0,17191
72808.0,17203
42769.0,17055
44471.0,17109
86799.0,17111
54112.0,20071
52883.0,20051
48778.0,20107
49291.0,20175
89087.0,20091
71995.0,20121
39643.0,20207
56492.0,20135
43917.0,20011
53274.0,20097
56762.0,20177
40298.0,20019
49936.0,20155
49703.0,20043
55064.0,20081
65417.0,20171
48333.0,20013
50093.0,20147
48125.0,20039
52631.0,21079
63050.0,21037
32306.0,21063
47643.0,21123
55093.0,21167
38390.0,21207
53743.0,21229
41459.0,21009
57217.0,21091
54367.0,21093
51861.0,21149
37469.0,21197
44775.0,21033
48308.0,21019
57291.0,21067
37055.0,21115
36134.0,21175
39998.0,21199
38021.0,21001
27344.0,21025
38396.0,21099
53056.0,21223
42929.0,21105
52528.0,21143
31147.0,21135
63820.0,21239
31627.0,21131
32798.0,21127
46080.0,21145
57196.0,46015
43438.0,46053
61772.0,46099
48980.0,46025
61699.0,46077
50724.0,46027
47475.0,46041
64783.0,46065
56875.0,46111
54155.0,46059
58342.0,46135
52313.0,46005
50570.0,46035
49632.0,46073
71382.0,46117
54583.0,46107
50481.0,46023
63723.0,46091
57981.0,46105
39005.0,21235
32730.0,21071
64339.0,21117
28147.0,21153
38230.0,21205
44522.0,21217
45109.0,21039
31688.0,21065
47269.0,22079
47832.0,22105
38500.0,22123
37691.0,22021
22346.0,22035
31965.0,22039
44661.0,22087
65385.0,22121
33816.0,22081
28567.0,22069
40129.0,22025
35282.0,22041
43759.0,22007
51945.0,22113
32500.0,22029
49204.0,23017
50808.0,23019
53509.0,23001
73072.0,23005
67830.0,23031
44256.0,23025
63499.0,24047
73547.0,24041
74336.0,25001
59230.0,25003
89489.0,25023
103291.0,25021
107717.0,25019
62965.0,26005
45570.0,26003
50104.0,26127
39565.0,26035
45116.0,26073
49988.0,26157
43363.0,26007
62625.0,26111
42335.0,26135
70390.0,26037
47848.0,26057
55450.0,26091
49448.0,26117
56951.0,26147
72586.0,26161
55107.0,26027
42054.0,26143
51947.0,26023
53658.0,26075
62855.0,26099
46065.0,26013
64348.0,26045
37640.0,13293
38068.0,13303
52493.0,13311
46636.0,13225
68370.0,13223
42804.0,13229
64878.0,13231
42728.0,13245
39842.0,13251
40730.0,13267
40415.0,13019
52748.0,17135
54232.0,17195
52993.0,17001
66639.0,17027
63317.0,17037
51080.0,17047
54256.0,17079
49896.0,17081
46515.0,17183
86961.0,17197
50734.0,17199
56531.0,17023
56714.0,17041
56685.0,17049
51643.0,17057
49885.0,17061
54046.0,17065
51250.0,17069
59933.0,17073
52774.0,17087
44129.0,17095
55160.0,17105
57118.0,17171
63454.0,17179
50310.0,17187
57712.0,18061
53658.0,18091
54259.0,18169
63892.0,18073
52726.0,18101
71152.0,18127
56332.0,18137
57305.0,18147
58118.0,18159
45230.0,18167
73482.0,18173
56421.0,18033
64498.0,18087
54346.0,18139
83077.0,18011
38839.0,26053
63452.0,27093
68584.0,27131
58576.0,27125
65269.0,27027
61207.0,27045
59343.0,27119
63439.0,27143
54065.0,27165
53900.0,27011
52204.0,27021
56709.0,27057
52798.0,27091
55304.0,27105
89250.0,27141
101496.0,27019
62121.0,27085
64660.0,27123
59329.0,27169
74575.0,27039
56549.0,27035
84974.0,27171
53077.0,27081
56135.0,27095
63098.0,27017
57163.0,27065
58308.0,01115
44918.0,01043
47580.0,01069
53326.0,01125
55637.0,01031
47468.0,01021
38990.0,01037
44637.0,01055
38364.0,01075
40688.0,01013
43629.0,01127
24145.0,01063
37785.0,01011
42289.0,01017
58059.0,02100
88390.0,02110
41413.0,02290
81719.0,02068
59803.0,02105
53894.0,02275
53379.0,04019
43524.0,04007
49260.0,04003
32508.0,04001
45243.0,04027
40067.0,04017
37233.0,05021
46997.0,05043
37218.0,05121
45374.0,05009
46596.0,05079
40161.0,05035
52827.0,05045
46157.0,13295
71026.0,13135
62345.0,13013
41961.0,13049
27658.0,13065
57423.0,13015
63835.0,13097
43531.0,13131
31860.0,13141
48623.0,13313
32161.0,13193
45649.0,13285
76319.0,13145
44448.0,13249
45398.0,13321
37340.0,13093
42607.0,13109
37297.0,13307
66822.0,13103
45000.0,13125
26667.0,13239
56842.0,13051
42446.0,13167
40986.0,13173
52500.0,13195
38116.0,13205
45639.0,13277
44891.0,13233
38549.0,13263
34768.0,13273
43740.0,13275
38996.0,13319
47120.0,13221
31699.0,13243
36869.0,13299
45483.0,13305
36964.0,13315
43672.0,13009
45550.0,13031
22325.0,13061
39494.0,13101
62399.0,13089
48550.0,13143
33944.0,13163
39742.0,13181
48033.0,13213
45148.0,13235
42500.0,13241
48219.0,13281
32241.0,13283
37736.0,13155
40304.0,13001
63806.0,39149
53183.0,39171
48345.0,39029
63092.0,39051
44858.0,39053
46042.0,39099
41330.0,39145
59452.0,39117
36719.0,05089
36438.0,05129
66362.0,05007
43889.0,05059
41682.0,05087
45972.0,08033
53300.0,08057
49470.0,08083
83019.0,08013
52022.0,08125
77443.0,08107
67060.0,08019
46783.0,08101
73622.0,08093
55379.0,08077
68779.0,08041
77469.0,08005
73892.0,10003
60910.0,10001
79906.0,09005
63299.0,12099
51347.0,12086
46643.0,12037
38569.0,12047
57226.0,12119
39102.0,12059
57832.0,12071
69653.0,12021
52828.0,12101
40942.0,12055
35438.0,12027
46494.0,12023
37670.0,12107
44270.0,12125
37326.0,12075
49494.0,12127
37037.0,12079
50915.0,12033
63412.0,12091
51790.0,13187
44542.0,13201
90751.0,13219
71288.0,13151
54605.0,13183
47164.0,13257
36669.0,13161
34167.0,13037
41334.0,13021
44643.0,13197
48174.0,13023
42488.0,13119
44846.0,13171
37453.0,13107
51250.0,13159
48007.0,13179
33357.0,13253
34879.0,13289
33832.0,13269
40175.0,13279
58957.0,39135
53131.0,39003
44971.0,39033
45917.0,39059
62952.0,39107
50873.0,39023
58427.0,39093
51542.0,39113
87125.0,39165
46700.0,39007
46809.0,40071
43329.0,40035
72056.0,40017
44214.0,40077
52282.0,40139
37692.0,40127
41332.0,40069
52349.0,40007
39365.0,40063
52161.0,40031
34695.0,40001
47214.0,40137
51419.0,40019
41488.0,40055
39084.0,40091
52478.0,40099
39872.0,40115
62795.0,40145
46592.0,40015
43078.0,40101
44212.0,40013
53412.0,41029
44712.0,41023
80484.0,41005
49895.0,41057
45616.0,41033
54699.0,41059
62257.0,41009
53105.0,41065
41996.0,13209
60189.0,13247
30192.0,13309
47811.0,13011
38623.0,13059
52977.0,13127
65385.0,13157
56020.0,13169
46408.0,13215
29732.0,13259
37039.0,13287
37197.0,13003
32917.0,13007
33736.0,13043
53737.0,13045
36042.0,13081
77932.0,13067
42581.0,13083
38285.0,13027
38678.0,13105
27375.0,13165
56316.0,13217
36435.0,13071
47864.0,13063
62984.0,13139
80948.0,15009
53841.0,16071
45492.0,16045
48856.0,16003
52921.0,16053
41198.0,16061
43798.0,16073
43423.0,16021
59053.0,16029
51734.0,16005
60615.0,16019
52134.0,16027
49158.0,16057
61912.0,17167
53816.0,17157
60986.0,17141
51437.0,17137
49290.0,17193
53676.0,17071
67675.0,17113
52428.0,17145
54858.0,17161
50770.0,17185
56206.0,17035
57946.0,17085
46636.0,17101
58465.0,17123
52834.0,17021
37241.0,17077
55842.0,17143
70849.0,17147
54907.0,17175
57289.0,17005
52410.0,17015
63028.0,17083
121160.0,24027
84920.0,24033
100798.0,24003
76866.0,24005
97730.0,24021
109313.0,24009
52617.0,24023
58598.0,24029
108820.0,24031
53553.0,02050
79306.0,02185
73682.0,02220
76992.0,02090
72728.0,02130
75493.0,02170
61048.0,02180
56898.0,02070
71607.0,02282
44135.0,02164
70056.0,02240
84928.0,02020
69250.0,02013
79867.0,02261
66064.0,02122
73906.0,02230
52379.0,02198
69948.0,02195
36754.0,02158
64468.0,04013
51353.0,04009
41259.0,04023
34643.0,04012
45587.0,04015
59460.0,04005
52451.0,04025
63473.0,04011
58174.0,04021
38042.0,05099
46787.0,05037
38072.0,05039
36193.0,05027
64412.0,05125
38499.0,05141
42876.0,05065
44319.0,05063
41466.0,05083
55388.0,05053
38923.0,05047
40401.0,05109
40726.0,05069
35741.0,05097
36092.0,05127
46228.0,05131
46828.0,05033
34147.0,05017
38511.0,05071
29681.0,05077
61038.0,19125
62556.0,19183
53333.0,19197
50187.0,19029
56550.0,19035
55755.0,19047
51267.0,19057
51128.0,19065
63854.0,19085
56073.0,19109
72079.0,19129
47605.0,19133
58453.0,19139
59725.0,19143
67637.0,19153
47466.0,19187
56756.0,19169
59224.0,19193
53539.0,19013
68038.0,19075
57549.0,19105
58302.0,19131
51696.0,19137
58232.0,19161
67297.0,19149
64837.0,19019
51688.0,19045
44462.0,19053
47708.0,19101
52216.0,19005
64903.0,19113
88479.0,19049
53703.0,19141
52054.0,20187
59316.0,20119
45157.0,20125
52327.0,20151
53207.0,20153
50213.0,20003
54902.0,20053
53133.0,20061
51711.0,20057
44792.0,20167
51895.0,20117
45333.0,20001
47639.0,20023
50102.0,20035
38750.0,20049
56582.0,20059
61211.0,20083
40676.0,20089
53012.0,20159
49375.0,20185
54090.0,20139
59583.0,20031
41004.0,20037
41982.0,20073
96769.0,24013
97034.0,24035
89845.0,24037
100003.0,24017
52917.0,24019
60860.0,24043
56956.0,24045
76887.0,24015
58638.0,24011
69669.0,25025
71811.0,25007
102603.0,25017
69095.0,25005
55429.0,25013
79263.0,25009
60950.0,25011
74679.0,25027
70876.0,25015
46486.0,26033
62203.0,26115
79698.0,26125
49622.0,26059
50854.0,26121
65249.0,26089
62641.0,26087
47672.0,26151
50292.0,26083
41546.0,26131
69314.0,26139
40484.0,26001
57043.0,26067
46898.0,26079
50795.0,26021
40373.0,26129
47193.0,26165
47977.0,26039
51645.0,26043
48289.0,26063
52872.0,26065
51725.0,26105
46828.0,26109
47194.0,26113
52086.0,26149
54485.0,26159
42290.0,26011
64490.0,26015
41599.0,26071
57974.0,26019
45500.0,26153
47301.0,26163
63575.0,26055
47938.0,26097
48588.0,26049
47643.0,20099
56524.0,20173
47976.0,20157
46375.0,20065
59435.0,20045
62885.0,20179
64930.0,20069
24331.0,46121
31997.0,46102
55773.0,53039
51240.0,53027
53227.0,53069
55556.0,53025
86691.0,53061
38187.0,54089
40200.0,54025
49936.0,54057
39908.0,54041
41882.0,54075
43320.0,54083
46048.0,54105
35024.0,54015
52455.0,54061
43107.0,54103
46639.0,54039
51888.0,54077
43577.0,54085
42345.0,54043
41466.0,54007
40739.0,54005
42332.0,54109
58783.0,55033
54800.0,55043
60696.0,55117
40921.0,55078
57829.0,55011
57882.0,55063
62633.0,55073
58548.0,55121
60652.0,55027
47072.0,55125
56612.0,55071
52672.0,55013
61560.0,55029
62391.0,55039
54583.0,55091
51947.0,55103
52810.0,55137
60691.0,55065
72323.0,55093
75814.0,55015
63733.0,55059
58132.0,56019
63269.0,20199
45353.0,20017
57806.0,20189
43429.0,20183
53413.0,20067
56165.0,26009
43183.0,26061
84221.0,26093
43678.0,26069
37320.0,26085
50055.0,26101
57914.0,20085
60469.0,20095
51740.0,20109
63216.0,20131
66835.0,20149
46881.0,20209
43175.0,20021
64782.0,20015
53929.0,20027
45076.0,20105
52200.0,20169
55000.0,20191
57966.0,20195
61178.0,20197
48341.0,20205
46203.0,20123
51286.0,20141
50439.0,20005
60798.0,20055
46944.0,20075
73013.0,20103
50588.0,20201
57978.0,20203
47750.0,20129
49038.0,20137
49723.0,20009
45373.0,20029
50902.0,20047
52125.0,20101
47981.0,20165
52123.0,20115
46291.0,20133
54784.0,20143
51208.0,20161
50174.0,20007
49991.0,20041
64864.0,20087
51655.0,21089
44612.0,21069
34736.0,21043
48714.0,21081
56586.0,21111
48014.0,21141
45377.0,21161
54375.0,21191
41902.0,21201
80166.0,21215
44898.0,21011
45048.0,21007
46382.0,21021
35899.0,21087
26478.0,21095
41013.0,21159
42919.0,21137
34879.0,21171
45564.0,21183
46673.0,21225
42119.0,21233
41505.0,48249
58811.0,48111
41772.0,26119
47948.0,26141
44619.0,26051
56511.0,26077
45018.0,26107
53970.0,26103
50326.0,26123
44032.0,26133
54332.0,26137
48607.0,26025
48044.0,26031
45469.0,26095
63053.0,26081
48000.0,26145
56032.0,26155
48819.0,26017
55760.0,26029
47434.0,26041
55829.0,26047
50870.0,27071
57815.0,27097
60122.0,27113
64903.0,27147
60595.0,27167
49351.0,27001
53156.0,27043
60231.0,27101
60294.0,27067
61452.0,27075
63005.0,27133
62202.0,27135
51957.0,27155
60284.0,27005
78167.0,27053
61120.0,27015
55269.0,27023
50386.0,27029
66800.0,27049
74616.0,27059
58727.0,27063
54295.0,27099
53422.0,27115
76951.0,27109
46605.0,27159
57715.0,27009
53631.0,27047
55139.0,27061
61275.0,27121
60559.0,27149
51620.0,27151
52087.0,27033
102152.0,27139
65226.0,27157
52917.0,27117
55085.0,27107
67399.0,27103
97743.0,48157
47500.0,48235
35521.0,48489
43239.0,48115
57731.0,48051
55919.0,48355
51579.0,48379
35862.0,48385
59868.0,48431
74872.0,48065
49471.0,48161
41859.0,48197
40227.0,48045
51494.0,48291
83750.0,48301
52928.0,48395
55234.0,48401
41357.0,48455
58661.0,48019
43181.0,48075
79936.0,48091
37904.0,48225
48529.0,48349
54326.0,48415
51250.0,48433
64597.0,48021
44578.0,48025
65969.0,48103
56139.0,50021
60925.0,50017
60987.0,50027
74665.0,49049
63224.0,49013
65264.0,49047
83310.0,49011
55554.0,49015
54565.0,49017
73991.0,51093
40417.0,51620
42632.0,51678
37952.0,51089
66987.0,51101
60975.0,51109
47202.0,51147
61864.0,51165
42273.0,21035
34819.0,21045
43919.0,21047
51673.0,21059
38612.0,21085
48926.0,21101
53926.0,21103
47170.0,21107
32138.0,21109
41526.0,21125
55113.0,21157
56603.0,21163
45516.0,21173
38149.0,21181
99128.0,21185
63819.0,27041
55466.0,27051
59643.0,27069
71080.0,27079
48801.0,21187
35720.0,21203
70817.0,21209
52270.0,21227
44036.0,21003
49637.0,21017
63348.0,21029
45244.0,21055
30114.0,21075
31198.0,21119
39325.0,21165
43590.0,21177
33640.0,21193
24623.0,21237
26840.0,21051
26272.0,21013
35344.0,21057
44043.0,21083
25275.0,21129
41763.0,21031
43401.0,21061
48438.0,21097
49158.0,21023
60127.0,21179
34914.0,21231
40107.0,21155
50536.0,21221
78327.0,21015
58245.0,21113
30181.0,21121
29886.0,21133
50839.0,21139
34856.0,21195
67056.0,21211
55334.0,21005
47190.0,21027
56274.0,21073
28105.0,21147
50060.0,21151
37386.0,21169
30284.0,21189
48623.0,21213
54953.0,21049
44005.0,21219
43524.0,21041
32184.0,21053
52167.0,21077
34029.0,22083
44688.0,27087
83464.0,27025
55404.0,27127
59210.0,27173
53585.0,27153
49160.0,27007
57429.0,27013
60382.0,27055
53071.0,27073
49967.0,27077
58682.0,27111
56762.0,27161
55646.0,27137
82175.0,27003
62789.0,27145
86036.0,27037
57730.0,27083
60118.0,27089
59028.0,27129
96671.0,27163
57432.0,27031
40000.0,29103
46757.0,29139
41062.0,29207
44261.0,29007
46086.0,29077
38870.0,29185
42694.0,29197
53478.0,29029
65454.0,29099
38679.0,29143
55377.0,29173
52965.0,30017
54427.0,30075
43194.0,30085
44875.0,30051
67205.0,30083
50721.0,30101
57440.0,30019
43661.0,30045
41820.0,30023
49701.0,30055
57992.0,30087
58596.0,30021
60594.0,30007
46212.0,30071
51094.0,31009
47287.0,31049
52708.0,31113
51821.0,31169
53023.0,31001
54979.0,31011
48656.0,22099
49141.0,22115
38353.0,22127
54948.0,22033
40336.0,22085
46446.0,22003
30350.0,22065
42105.0,22053
51603.0,22093
42505.0,22043
59637.0,22125
54032.0,22051
30441.0,01099
44886.0,01079
51463.0,01081
35930.0,01093
39848.0,01107
24320.0,01119
53901.0,01073
35892.0,01023
43514.0,01059
33241.0,01091
42443.0,01113
41919.0,01019
42189.0,01039
43163.0,01041
33845.0,01047
48094.0,01077
30036.0,01085
33370.0,01087
59686.0,01083
77799.0,01117
35788.0,01133
58320.0,01003
60891.0,01051
41769.0,01071
41325.0,01121
41370.0,01129
40845.0,01027
52156.0,01103
37446.0,01109
48065.0,01033
47214.0,01045
34046.0,01065
40440.0,01049
36275.0,01053
43395.0,01111
47583.0,01097
23447.0,01105
44741.0,01029
37837.0,01035
32525.0,01005
47542.0,01007
47255.0,01015
37404.0,01025
39856.0,01057
56250.0,31149
50781.0,31163
53209.0,22011
30272.0,22013
54268.0,22015
53423.0,22023
51803.0,22037
57429.0,22095
57204.0,22075
41121.0,22073
37570.0,22117
36403.0,22097
43396.0,22001
40485.0,22101
68905.0,22103
44100.0,22111
41797.0,22017
80527.0,22005
56999.0,22055
46861.0,22045
35467.0,22061
43886.0,22091
28951.0,22119
46006.0,22031
50161.0,22047
63389.0,22063
32929.0,22067
41604.0,22071
48747.0,22109
51148.0,22019
26776.0,22027
38565.0,22009
39139.0,22049
41480.0,22077
69019.0,22089
55506.0,22057
27500.0,22107
42104.0,22059
57720.0,23015
51931.0,23027
40890.0,23021
41123.0,23003
41347.0,23029
57751.0,23013
63694.0,23023
55365.0,23011
51422.0,23007
57178.0,23009
50379.0,24510
37803.0,24039
89147.0,24025
45893.0,24001
59348.0,31093
64053.0,31073
82032.0,31153
47778.0,31015
60313.0,31059
41125.0,31091
70389.0,31159
46188.0,31181
58979.0,31023
42813.0,31005
53110.0,31067
60266.0,31099
53188.0,31119
59040.0,31137
56456.0,31179
52332.0,31107
55649.0,31121
46452.0,31133
51591.0,31183
88030.0,32015
37375.0,32009
35806.0,32021
58462.0,32017
64791.0,32031
55718.0,32510
75737.0,33013
69447.0,33001
72960.0,33017
99733.0,34025
94520.0,34037
61510.0,34013
87283.0,34015
69688.0,34031
101144.0,34003
81307.0,34041
87416.0,34005
29360.0,35029
38329.0,35055
36302.0,35007
29375.0,35021
29035.0,35037
33784.0,28103
51030.0,28137
38304.0,28107
41464.0,28161
49870.0,19189
58000.0,19165
40167.0,19007
61443.0,19095
51867.0,19145
65263.0,19191
60065.0,19155
56437.0,19127
64000.0,19015
57125.0,19021
55060.0,19089
61161.0,19077
54575.0,19091
66316.0,19121
35928.0,72061
19430.0,72053
19279.0,72007
17715.0,72065
19827.0,72133
14236.0,72097
22669.0,72119
19919.0,72011
17448.0,72033
12995.0,72055
17852.0,72087
21667.0,72085
19617.0,72145
32397.0,05073
29320.0,05107
43923.0,05149
43184.0,05011
37974.0,05113
35425.0,05103
45113.0,05081
43371.0,05091
44029.0,05145
47040.0,06033
58054.0,06115
56352.0,06035
81018.0,06097
47622.0,06025
99406.0,06001
88596.0,06055
52148.0,06091
70228.0,06113
66096.0,06057
51416.0,06045
68044.0,06037
124055.0,06085
45241.0,06093
45283.0,06015
55771.0,08015
75937.0,08045
82986.0,08059
54357.0,08103
36084.0,08021
71202.0,08001
84790.0,08037
57229.0,08081
53977.0,08017
50124.0,01101
45983.0,01095
49358.0,01009
50017.0,01067
65449.0,01089
58731.0,01001
45828.0,01123
41732.0,01061
31014.0,01131
87466.0,02016
79808.0,02060
85839.0,02150
60906.0,02188
43285.0,47107
53197.0,47117
42206.0,47143
38864.0,47151
50392.0,47001
36520.0,47049
43171.0,47053
40304.0,47069
58065.0,47105
67429.0,47149
48068.0,47159
75991.0,47189
41890.0,47171
46216.0,35027
43359.0,35005
60546.0,35025
61200.0,35049
35884.0,35059
29755.0,35051
42083.0,35053
42702.0,35041
40973.0,35013
121324.0,35028
39952.0,35039
30946.0,35047
48945.0,35061
36120.0,35057
53329.0,35001
41988.0,35035
39413.0,35006
31625.0,35011
24798.0,35019
41910.0,35003
40088.0,36005
61359.0,36067
56365.0,36019
54545.0,36099
104486.0,36079
54646.0,36043
64944.0,36069
53663.0,36101
58675.0,36041
46820.0,36013
60231.0,36047
62999.0,36107
52620.0,36073
84291.0,36091
66787.0,36021
54524.0,36049
96610.0,36119
49544.0,36025
49462.0,36057
82783.0,36085
50940.0,36089
60240.0,36109
61024.0,36113
56023.0,36023
81219.0,36027
50903.0,56031
60807.0,56033
52804.0,56003
65132.0,56011
63582.0,56029
49322.0,56001
60161.0,56007
54289.0,56015
63403.0,56041
54158.0,56043
51413.0,56017
55896.0,56013
77403.0,56035
57031.0,56045
20521.0,72009
19605.0,72077
13992.0,72079
14012.0,72001
17000.0,72027
19432.0,72103
18883.0,72105
18647.0,72013
17570.0,72015
17473.0,72115
17261.0,72057
23333.0,72049
35018.0,72063
17154.0,72017
14743.0,72153
16269.0,72005
16708.0,72023
16007.0,72109
19877.0,72149
29059.0,72031
22518.0,72035
20434.0,72069
20941.0,72101
32545.0,72139
18502.0,72091
16718.0,72111
19907.0,72117
16486.0,72125
15331.0,72131
60075.0,36055
56027.0,36065
64304.0,36111
54940.0,36015
59510.0,36051
54028.0,36077
53601.0,36039
66252.0,36001
48412.0,36003
48703.0,36009
61633.0,36053
65499.0,36093
60524.0,36037
56563.0,36123
39837.0,37079
46103.0,37121
46519.0,37041
37830.0,37005
44511.0,37027
52056.0,37035
42247.0,37045
52687.0,37049
36866.0,37065
55856.0,37077
53554.0,37085
48072.0,37093
55945.0,37089
39663.0,37095
60955.0,37097
66641.0,37119
37146.0,37131
47437.0,37147
49842.0,37159
40529.0,37181
41438.0,37039
69964.0,37053
80033.0,37179
44107.0,37193
49537.0,37127
48756.0,37003
59381.0,37055
36466.0,37185
43877.0,37195
50750.0,37073
39571.0,37075
45873.0,37115
46728.0,37137
48787.0,37149
47288.0,37151
48054.0,37169
35979.0,37187
42222.0,37043
46875.0,37051
53261.0,37081
47252.0,37099
50558.0,37139
34976.0,37155
39317.0,37173
80591.0,37183
40213.0,37007
43646.0,37111
55193.0,37069
38158.0,37103
45507.0,37113
58236.0,37019
50212.0,37175
45212.0,37013
37628.0,37047
57536.0,37109
44146.0,37123
71723.0,37135
36148.0,37153
42151.0,37163
43597.0,37171
40340.0,37011
52207.0,37021
67328.0,37025
45733.0,37033
60434.0,37059
49546.0,37057
41764.0,37061
60958.0,37063
41028.0,37091
49994.0,37105
54891.0,37129
57240.0,37141
44416.0,37191
37238.0,37165
47526.0,37189
35502.0,37083
49688.0,37001
35300.0,37177
72045.0,38089
57582.0,38103
77232.0,38013
72147.0,38061
87161.0,38105
75208.0,38007
54643.0,38043
64798.0,38019
50938.0,38037
64179.0,38049
70724.0,38091
47667.0,38005
60806.0,38045
70556.0,38059
76719.0,38025
52587.0,38051
52039.0,38063
43158.0,38079
55700.0,38099
60381.0,38009
58365.0,38003
54051.0,38035
77845.0,38053
68529.0,38055
55660.0,38069
73182.0,38075
62442.0,38011
71524.0,38015
59375.0,38047
78929.0,38065
57674.0,38093
58910.0,38071
61425.0,38031
53565.0,38039
51055.0,38083
63611.0,38087
86715.0,39159
42832.0,39131
55330.0,39125
57212.0,39061
61305.0,39049
47498.0,39101
53243.0,39157
58300.0,39169
54575.0,39015
66117.0,39017
49689.0,39067
57749.0,39083
64589.0,39089
49547.0,39139
45673.0,39163
55267.0,39019
58450.0,39063
66968.0,39025
67609.0,39045
59931.0,39039
44169.0,39071
59695.0,39069
46581.0,39081
57618.0,39133
64822.0,39137
50904.0,39013
52815.0,39027
47308.0,39047
50150.0,39127
63633.0,39129
68022.0,39097
47254.0,39119
54089.0,39143
54254.0,39161
50021.0,39167
64074.0,39011
55620.0,39037
59099.0,39123
50506.0,39065
47550.0,39079
52560.0,39077
40905.0,39009
39079.0,39001
76600.0,39103
48736.0,39095
46897.0,39121
26420.0,72021
21267.0,72029
13733.0,72045
20657.0,72075
14135.0,72083
15140.0,72047
20844.0,72095
17069.0,72113
28834.0,72135
25105.0,72137
14936.0,72147
16295.0,72151
16738.0,72003
25136.0,72025
19726.0,72041
19692.0,72043
30732.0,72051
21850.0,72089
17036.0,72019
15099.0,72107
19380.0,72129
18309.0,72037
16867.0,72039
16540.0,72071
14808.0,72073
16532.0,72081
22710.0,72127
20048.0,72143
12441.0,72093
52500.0,39147
53860.0,39151
46606.0,39031
106908.0,39041
82303.0,39055
52363.0,39073
64466.0,39085
51092.0,39141
50366.0,39035
63753.0,39075
61041.0,39109
45289.0,39111
47280.0,39155
62390.0,39173
52823.0,39005
52428.0,40043
46154.0,40059
65357.0,40083
55517.0,40143
54997.0,40147
48344.0,40057
42348.0,40061
42998.0,40111
49103.0,40113
39895.0,40067
54006.0,40047
47125.0,40049
46784.0,40121
50392.0,40123
51302.0,40129
60147.0,40153
42774.0,40021
41696.0,40041
53245.0,40045
60875.0,40051
41603.0,40119
49250.0,40125
51318.0,40037
42280.0,40141
53274.0,40149
50885.0,40033
38019.0,40075
40677.0,40079
37061.0,40089
54332.0,40093
50345.0,40097
54520.0,40109
49900.0,40039
49399.0,40085
50721.0,40009
34489.0,40023
49703.0,40065
50671.0,40081
48009.0,40117
39373.0,40133
46328.0,40025
45792.0,40011
40938.0,40029
57727.0,40053
57777.0,40073
67662.0,40087
45746.0,40095
56117.0,40103
43145.0,40105
65434.0,40131
40351.0,40135
61852.0,40003
54282.0,40151
64016.0,40027
38411.0,40107
39316.0,40005
52171.0,41061
59625.0,41047
47267.0,41019
53277.0,41031
62691.0,41053
67043.0,41017
55893.0,41043
63902.0,41071
45998.0,41001
46491.0,41035
47882.0,41041
62077.0,41003
49006.0,41013
51071.0,41055
40735.0,41025
43313.0,41045
51224.0,41063
40926.0,41069
54269.0,41049
45051.0,41011
48440.0,41015
47500.0,41021
65679.0,41027
37898.0,41037
69176.0,41051
65928.0,42103
58997.0,42109
54966.0,42115
50304.0,42039
51529.0,42049
53476.0,42057
53879.0,42067
52280.0,42107
59415.0,42131
67253.0,42001
51410.0,42005
50923.0,42035
57006.0,42025
60403.0,42027
48671.0,42097
70471.0,42095
49945.0,42121
57807.0,42007
52821.0,42069
48647.0,42083
47364.0,42051
91546.0,42091
49015.0,42033
60281.0,42075
54241.0,42081
58333.0,42093
50250.0,42123
70668.0,42019
53440.0,42047
66056.0,42071
50696.0,42085
45419.0,42105
51324.0,42117
79454.0,44005
58974.0,44007
83092.0,44001
51399.0,45003
27185.0,45005
49127.0,45037
42442.0,45023
36324.0,45029
32063.0,45067
61173.0,45063
49134.0,45073
63309.0,45015
64022.0,45019
48456.0,45043
33586.0,45069
50865.0,45007
41505.0,45025
42336.0,45047
50704.0,45051
51479.0,45055
37955.0,45075
52332.0,45083
31422.0,45009
68377.0,45013
46339.0,45017
30812.0,45033
45714.0,45081
54767.0,45079
38213.0,45039
33429.0,45049
60351.0,45045
58849.0,45057
63080.0,45035
47058.0,45041
43304.0,45059
43633.0,45065
49573.0,45077
41186.0,45087
32485.0,45089
64083.0,46003
58158.0,46051
57720.0,46123
37400.0,46137
54423.0,46115
54737.0,46009
58136.0,46011
50588.0,46047
67105.0,46057
33295.0,46071
58522.0,46033
57788.0,46069
55096.0,46049
57089.0,46067
55583.0,46129
34808.0,46017
46679.0,46037
58684.0,46043
59655.0,46063
44574.0,46089
50348.0,46109
62153.0,46119
82473.0,46083
61846.0,46079
52641.0,46081
56376.0,46029
46508.0,46019
35759.0,46031
71324.0,46045
54449.0,46021
47500.0,46007
42250.0,46055
46149.0,46075
60578.0,46093
59242.0,46125
58216.0,46013
64696.0,46061
61507.0,46087
30650.0,46095
61538.0,46101
57039.0,46103
70378.0,46127
52910.0,46097
53715.0,53003
48294.0,53001
55900.0,53023
57634.0,53045
67028.0,53057
51775.0,53065
56904.0,53063
54631.0,53043
58795.0,53007
55127.0,53031
75411.0,53035
94974.0,53033
46733.0,53049
50591.0,53051
63622.0,53055
65181.0,53059
42745.0,53075
51637.0,53077
52192.0,53009
54506.0,53015
41939.0,53019
53484.0,53041
62951.0,53017
68604.0,53029
72113.0,53053
63584.0,53021
57858.0,53071
62984.0,53073
42216.0,54023
47857.0,54027
51496.0,54009
45545.0,54017
47438.0,54031
50305.0,54049
32764.0,54059
45763.0,54029
48557.0,54051
40086.0,54067
49118.0,54093
43087.0,54095
37373.0,54087
48578.0,54091
47321.0,54107
42636.0,54021
46078.0,54053
38540.0,54063
56838.0,54073
40028.0,54011
80430.0,54037
36168.0,54045
42312.0,54071
53022.0,54033
50584.0,54069
38382.0,54013
51745.0,54065
43748.0,54081
60097.0,54079
38459.0,54001
27682.0,54047
37988.0,54099
47837.0,54035
40784.0,54055
40322.0,54097
34927.0,54101
62515.0,54003
41394.0,54019
43798.0,55051
54012.0,55019
84756.0,55109
60908.0,55083
58541.0,55069
58693.0,55135
52703.0,55005
47714.0,55113
55075.0,55047
47956.0,55099
52288.0,55077
50330.0,55075
50606.0,55079
44083.0,29205
50560.0,29225
50236.0,29005
47625.0,29013
40249.0,29015
39530.0,29035
40399.0,29057
61336.0,55101
58543.0,55139
45536.0,55041
64502.0,55045
47532.0,55107
56531.0,55115
49491.0,55067
65572.0,55087
52459.0,55123
68005.0,55021
66192.0,55061
62340.0,55009
59476.0,55035
56852.0,55085
59994.0,55095
50280.0,55129
87277.0,55133
63776.0,55127
50595.0,55023
53490.0,55057
59943.0,55111
77663.0,55131
59742.0,55017
73893.0,55025
53986.0,55031
53650.0,55053
64124.0,55049
85215.0,55089
58853.0,55097
57875.0,55105
53020.0,55119
46369.0,55001
56096.0,55007
59587.0,55081
54913.0,55141
42510.0,55003
52181.0,55037
66291.0,55055
82659.0,56005
66964.0,56023
62772.0,56025
69647.0,56009
39150.0,56027
74843.0,56037
41125.0,47177
48334.0,47179
39937.0,47183
37512.0,47005
44122.0,47007
39803.0,47013
55330.0,47015
42711.0,47083
57170.0,47119
49279.0,48373
50076.0,48391
54654.0,48467
54152.0,48055
45302.0,48487
66610.0,48317
45930.0,29115
38357.0,29091
55273.0,29101
47257.0,29105
47569.0,29125
44154.0,29161
80393.0,29165
46466.0,29187
43896.0,29510
58772.0,29003
39915.0,29023
50830.0,29033
51679.0,29061
49524.0,29087
48784.0,29127
61687.0,29151
34971.0,29181
60125.0,29219
41483.0,29221
60645.0,29043
55918.0,29063
42917.0,29081
58766.0,29107
41929.0,29001
50085.0,29199
46481.0,29211
48909.0,29045
48357.0,29097
45988.0,29111
41643.0,29119
55863.0,29157
45660.0,29167
61957.0,29177
49321.0,30041
42298.0,30015
40140.0,30053
53068.0,30067
43047.0,30103
41279.0,30005
49886.0,30097
55000.0,30099
43625.0,30079
36045.0,30035
64545.0,30025
43875.0,30037
45718.0,30093
64645.0,30095
69646.0,30043
49881.0,30039
39655.0,30107
54107.0,30057
55521.0,30091
48000.0,30011
49859.0,30003
48829.0,30047
65791.0,30049
51151.0,30073
61264.0,30111
54062.0,30063
70005.0,48501
48384.0,48189
42522.0,48419
39142.0,48387
44940.0,48399
54306.0,48435
53903.0,48451
56834.0,48469
48310.0,48481
48650.0,48485
72188.0,48033
37662.0,48315
39625.0,48323
54815.0,48181
53848.0,48297
50154.0,48363
56127.0,48255
55357.0,48123
48651.0,48059
44848.0,48067
50180.0,48183
52664.0,48313
52429.0,48303
70107.0,48257
84747.0,48259
50580.0,48153
52273.0,48017
91141.0,48071
54884.0,48027
38758.0,48061
49701.0,48117
46871.0,48141
50151.0,48283
43208.0,48443
44497.0,48457
49315.0,48483
63835.0,48009
47080.0,48043
40014.0,48215
56810.0,48423
47386.0,48105
40313.0,48207
54208.0,48227
49306.0,48333
51765.0,48337
52982.0,48365
34992.0,48403
51926.0,48421
39771.0,48437
54959.0,48231
48207.0,48063
38000.0,48195
74496.0,48187
55989.0,48077
58298.0,48205
74868.0,48383
53307.0,48217
44418.0,48293
44847.0,48347
55359.0,48369
77503.0,48367
53054.0,30081
53162.0,30105
49913.0,30013
50540.0,30027
42000.0,30033
41705.0,30061
51250.0,30069
54667.0,30077
40823.0,30089
53958.0,30109
66397.0,30031
46607.0,30059
58707.0,30009
43201.0,30001
56182.0,30029
43274.0,30065
49835.0,31083
60298.0,31185
59431.0,31019
58872.0,31037
49962.0,31087
62305.0,31141
67719.0,31143
54004.0,31013
43098.0,31017
45371.0,31161
60527.0,31109
43388.0,31129
51750.0,31007
54659.0,31063
64629.0,31055
47917.0,31147
60387.0,31089
48838.0,31065
51502.0,31151
51034.0,31173
71430.0,31177
56651.0,31031
54085.0,31053
43750.0,31069
46194.0,31123
51828.0,31127
59432.0,31171
59231.0,31043
49912.0,31003
57009.0,31029
57173.0,31035
52184.0,31041
49282.0,31061
64210.0,31081
44510.0,31095
50735.0,31101
51000.0,31115
65543.0,31135
68682.0,31155
49745.0,31157
56500.0,31103
53403.0,31105
59795.0,31111
25098.0,48377
46147.0,48465
37900.0,48109
62973.0,48135
49627.0,48169
78456.0,48173
52913.0,48185
96913.0,48085
50453.0,48005
32305.0,48101
68717.0,48209
81447.0,48039
42961.0,48129
55366.0,48013
45537.0,48353
31677.0,48229
62986.0,48475
52220.0,48203
36395.0,48327
60189.0,48149
87337.0,48491
52524.0,48233
41359.0,48343
59399.0,48361
60366.0,48495
61705.0,48201
59492.0,48053
59155.0,48171
59607.0,48113
62000.0,48311
50635.0,48503
64359.0,48251
52078.0,48223
50464.0,48357
48798.0,48275
49778.0,48309
47500.0,48095
40766.0,48137
37276.0,48133
53088.0,48243
33382.0,48247
80902.0,48339
27161.0,48127
46475.0,48479
72500.0,48011
50142.0,48069
43730.0,48273
60202.0,48097
40759.0,48107
46146.0,48151
41186.0,48131
66390.0,48031
44370.0,48241
51248.0,48245
26738.0,48271
64545.0,48359
45111.0,48279
59091.0,48295
47707.0,48307
42276.0,48319
42540.0,48125
64511.0,31139
48269.0,31165
54203.0,31021
71846.0,31025
56768.0,31039
56905.0,31051
41716.0,31057
46500.0,31075
47869.0,31077
57104.0,31079
51726.0,31085
59167.0,31131
48808.0,31145
61869.0,31027
50750.0,31045
54712.0,31097
53871.0,31033
53721.0,31047
53000.0,31071
48125.0,31117
49032.0,31125
63986.0,31167
55324.0,31175
57824.0,32001
66810.0,32005
50491.0,32027
67105.0,32011
67756.0,32013
60827.0,32033
81232.0,32007
47300.0,32023
66292.0,32029
59340.0,32003
56875.0,32019
64751.0,33005
63389.0,33009
93756.0,33015
61312.0,33019
81460.0,33011
47117.0,33007
63153.0,33003
81057.0,34021
54149.0,34011
113611.0,34035
70909.0,34029
62110.0,34001
89533.0,34023
66842.0,34033
67074.0,34009
70451.0,34007
80198.0,34039
71189.0,34017
115379.0,34019
115527.0,34027
42526.0,35023
33834.0,35031
63802.0,35043
37843.0,35017
45092.0,35009
54744.0,48287
67700.0,48439
43455.0,48001
76871.0,48139
62806.0,48239
55990.0,48265
47902.0,48331
53516.0,48093
39497.0,48145
28333.0,48047
66206.0,48015
38021.0,48261
52559.0,48089
56556.0,48409
68261.0,48381
45083.0,48411
53229.0,48413
34459.0,48507
58776.0,48057
43625.0,48155
60690.0,48175
50825.0,48193
51492.0,48335
50196.0,48449
54403.0,48285
44627.0,48445
64536.0,48497
48913.0,48321
52397.0,48371
100920.0,48397
53143.0,48441
40000.0,48447
43742.0,48471
53394.0,48499
45137.0,48007
40962.0,48079
45000.0,48081
52893.0,48099
70625.0,48211
54871.0,48341
42528.0,48375
40353.0,48405
46935.0,48417
30387.0,48427
52171.0,48461
48365.0,48049
34673.0,48191
53783.0,48159
46729.0,48163
60772.0,48281
49168.0,50019
71587.0,50013
73647.0,50007
64003.0,50015
65485.0,50011
50563.0,50005
51985.0,50025
56183.0,50003
68825.0,50001
44349.0,50009
65328.0,35015
28446.0,35033
50518.0,35045
36258.0,28009
40219.0,28037
29121.0,28027
35872.0,28061
41775.0,28067
30961.0,28147
42354.0,28095
44759.0,28115
21504.0,28051
33981.0,28005
71824.0,28089
37263.0,28013
32090.0,28091
37681.0,28141
37706.0,28153
49677.0,28041
42233.0,28093
25283.0,28119
46901.0,28109
37096.0,28079
37987.0,28099
65996.0,28121
29705.0,28151
41914.0,28077
42469.0,28111
36548.0,28017
46052.0,28015
47292.0,28039
40122.0,28043
25019.0,28063
35958.0,28101
39256.0,28117
29394.0,28125
36777.0,28019
48119.0,28045
44567.0,28057
24208.0,28055
51657.0,28059
26735.0,28083
39370.0,28143
29338.0,28021
47894.0,28047
42534.0,28075
42606.0,28085
43850.0,28127
34724.0,28159
33767.0,28007
60328.0,28073
50559.0,28081
29864.0,28135
43105.0,28129
45113.0,28149
43207.0,28023
39840.0,28097
40453.0,28105
62791.0,50023
62242.0,49027
74562.0,49045
59839.0,49053
47044.0,49025
102958.0,49043
51557.0,49019
42813.0,49031
57902.0,49033
85166.0,49051
55221.0,49001
62233.0,49003
51807.0,49021
53838.0,49039
54799.0,49041
67244.0,49057
45394.0,49037
74865.0,49035
75417.0,49009
44245.0,49055
51158.0,49007
91341.0,49029
59038.0,49005
61463.0,49023
87678.0,51095
39758.0,51167
40932.0,51173
59471.0,51540
49664.0,51031
70307.0,51087
94274.0,51099
53711.0,51103
32888.0,51105
64237.0,51115
57438.0,51119
71912.0,51149
49517.0,51159
39820.0,51169
88628.0,51177
58696.0,51011
56254.0,51067
63982.0,51097
57977.0,51121
87904.0,51127
47469.0,51049
29932.0,51051
42669.0,51083
142299.0,51107
107132.0,51153
61348.0,51175
48587.0,51091
65103.0,51033
70537.0,51073
43073.0,51141
89090.0,51145
57252.0,51171
100783.0,51061
52611.0,51790
76873.0,51065
45730.0,28155
42086.0,28003
31833.0,28025
38178.0,28031
28962.0,28053
60715.0,42043
63379.0,42055
59399.0,42119
56096.0,42127
50509.0,42009
63934.0,42089
51678.0,42061
63543.0,42125
45927.0,42101
66457.0,42133
49320.0,42063
71269.0,42041
61043.0,42003
60471.0,42129
39717.0,42053
49181.0,42013
50204.0,42073
52358.0,42015
46659.0,42021
100214.0,42029
63728.0,42011
50219.0,42087
47298.0,29129
34776.0,29229
70510.0,29047
42100.0,29065
44720.0,29195
53580.0,29227
45594.0,29079
39003.0,29141
40324.0,29179
67420.0,29189
49656.0,29209
44403.0,29009
55328.0,29019
60066.0,29051
44438.0,29055
37435.0,29093
46992.0,29117
58010.0,29135
33859.0,29155
46157.0,29159
34265.0,29203
47740.0,29175
36380.0,29069
57214.0,29071
52700.0,29089
55134.0,29095
47171.0,29131
42849.0,29171
46031.0,29213
51916.0,29021
49839.0,29025
36297.0,51750
58818.0,51840
46073.0,51001
55708.0,51045
51521.0,51063
54520.0,51071
36544.0,51077
45535.0,51135
74284.0,51157
57198.0,51036
77935.0,51047
60346.0,51053
67398.0,51079
89390.0,51085
44303.0,51111
71548.0,51137
27063.0,51595
49364.0,51197
78640.0,51550
46679.0,51660
79880.0,51003
64199.0,51019
49025.0,51029
38888.0,51195
40655.0,51580
52175.0,51740
76610.0,51810
47673.0,51005
33575.0,51640
53853.0,51193
62632.0,51133
53866.0,51155
69116.0,51187
37203.0,51590
65641.0,51630
52888.0,51009
49738.0,51017
39030.0,51670
53215.0,51700
78002.0,51069
46409.0,51680
92069.0,51199
34371.0,51690
64313.0,51125
47690.0,51143
32455.0,51530
127610.0,51610
38679.0,51730
97118.0,51735
116979.0,51600
45011.0,51820
44230.0,51770
74884.0,51800
51590.0,51710
57946.0,51007
82599.0,51041
124831.0,51059
47240.0,53047
56004.0,53037
69433.0,29037
62701.0,29049
43542.0,29059
34182.0,29085
64196.0,29113
43966.0,29137
50813.0,29145
46385.0,29163
84978.0,29183
53732.0,29031
50351.0,47031
60711.0,47047
30136.0,47067
41924.0,47073
36004.0,47091
49485.0,47103
37430.0,47111
57708.0,47127
63307.0,47147
51585.0,47051
56667.0,47009
61913.0,47021
38092.0,47019
44064.0,47057
49614.0,47055
39896.0,47097
43614.0,47099
48161.0,47113
49432.0,47115
37197.0,47133
39554.0,47137
41427.0,47181
112962.0,47187
50415.0,47003
42595.0,47059
45958.0,47035
42724.0,47175
36835.0,47025
43596.0,47081
45667.0,47085
44259.0,47141
49610.0,47155
45809.0,47161
51946.0,47023
42031.0,47039
35207.0,47087
39161.0,47109
53367.0,47145
51331.0,47011
43619.0,47063
44671.0,47173
40682.0,47071
53076.0,47043
41333.0,47129
42429.0,47123
40502.0,47079
44717.0,47033
35191.0,47095
57470.0,47093
69023.0,53005
75253.0,53011
